Cymodocea_Rotundata,Cymodocea_Rotundata
Cymodocea_serrulata,Cymodocea_serrulata
Enhalus_Acoroides,Enhalus_Acoroides
Halodule_Pinifolia,Halodule_Pinifolia
Halodule_Uninervis,Halodule_Uninervis
Halophila_Capricorni,Halophila_Capricorni
Halophila_Decipiens,Halophila_Decipiens
Halophila_Minor,Halophila_Minor
Halophila_Ovalis,Halophila_Ovalis
Halophila_Spinulosa,Halophila_Spinulosa
Ruppia_Maritama,Ruppia_Maritama
Syringodium_isoetifolium,Syringodium_isoetifolium
Thalassia_hemprichii,Thalassia_hemprichii
Thalassia_ciliatum,Thalassia_ciliatum
Zostera_Muelleri,Zostera_Muelleri
Others,Others
